[
    {
       "id":"chi",
       "localizedName":"Chinese (simplified)",
       "iso639Language":"zh"
    },
    {
       "id":"eng",
       "localizedName":"English",
       "iso639Language":"en"
    },
    
    {
       "id":"fre",
       "localizedName":"French",
       "iso639Language":"fr"
    },
    
    {
       "id":"ger",
       "localizedName":"German",
       "iso639Language":"de"
    },
    {
       "id":"ita",
       "localizedName":"Italian",
       "iso639Language":"it"
    },
    {
       "id":"jpn",
       "localizedName":"Japanese",
       "iso639Language":"ja"
    },
    {
       "id":"kor",
       "localizedName":"Korean",
       "iso639Language":"ko"
    },
    {
       "id":"por",
       "localizedName":"Portuguese",
       "iso639Language":"pt"
    },
    {
       "id":"rus",
       "localizedName":"Russian",
       "iso639Language":"ru"
    },
    {
       "id":"spa",
       "localizedName":"Spanish",
       "iso639Language":"es"
    },
   {
      "id":"ara",
      "localizedName":"Arabic",
      "iso639Language":"ar"
   },
   {
      "id":"hrv",
      "localizedName":"Croatian",
      "iso639Language":"hr"
   },
   {
      "id":"cze",
      "localizedName":"Czech",
      "iso639Language":"cs"
   },
   {
      "id":"dan",
      "localizedName":"Danish",
      "iso639Language":"da"
   },
   {
      "id":"dut",
      "localizedName":"Dutch",
      "iso639Language":"nl"
   },
   {
      "id":"fin",
      "localizedName":"Finnish",
      "iso639Language":"fi"
   },
   {
      "id":"ell",
      "localizedName":"Greek",
      "iso639Language":"el"
   },
   {
      "id":"heb",
      "localizedName":"Hebrew",
      "iso639Language":"he"
   },
   {
      "id":"hin",
      "localizedName":"Hindi",
      "iso639Language":"hi"
   },
   {
      "id":"hun",
      "localizedName":"Hungarian",
      "iso639Language":"hu"
   },
   {
      "id":"ind",
      "localizedName":"Indonesian",
      "iso639Language":"id"
   },
   {
      "id":"gle",
      "localizedName":"Irish",
      "iso639Language":"ga"
   },
   {
      "id":"kaz",
      "localizedName":"Kazakh",
      "iso639Language":"kk"
   },
   {
      "id":"may",
      "localizedName":"Malay",
      "iso639Language":"ms"
   },
   {
      "id":"mon",
      "localizedName":"Mongolian",
      "iso639Language":"mn"
   },
   {
      "id":"nor",
      "localizedName":"Norwegian",
      "iso639Language":"no"
   },
   {
      "id":"per",
      "localizedName":"Persian",
      "iso639Language":"fa"
   },
   {
      "id":"pol",
      "localizedName":"Polish",
      "iso639Language":"pl"
   },
   {
      "id":"rum",
      "localizedName":"Romanian",
      "iso639Language":"ro"
   },
   {
      "id":"swe",
      "localizedName":"Swedish",
      "iso639Language":"sv"
   },
   {
      "id":"tha",
      "localizedName":"Thai",
      "iso639Language":"th"
   },
   {
      "id":"tur",
      "localizedName":"Turkish",
      "iso639Language":"tr"
   },
   {
      "id":"tuk",
      "localizedName":"Turkmen",
      "iso639Language":"tk"
   },
   {
      "id":"ukr",
      "localizedName":"Ukrainian",
      "iso639Language":"uk"
   },
   {
      "id":"vie",
      "localizedName":"Vietnamese",
      "iso639Language":"vi"
   },
   {
      "id":"wel",
      "localizedName":"Welsh",
      "iso639Language":"cy"
   }
]
