{"v":"5.9.4","fr":15,"ip":0,"op":30,"w":320,"h":228,"nm":"MainWindow-Video-ScreenShot","ddd":0,"assets":[],"layers":[{"ddd":0,"ind":1,"ty":4,"nm":"Path","sr":1,"ks":{"o":{"a":1,"k":[{"i":{"x":[0.833],"y":[0.833]},"o":{"x":[0.167],"y":[0.167]},"t":20,"s":[0]},{"t":25,"s":[100]}],"ix":11},"r":{"a":0,"k":0,"ix":10},"p":{"a":0,"k":[159.5,48.518,0],"ix":2,"l":2},"a":{"a":0,"k":[0,0,0],"ix":1,"l":2},"s":{"a":0,"k":[100,100,100],"ix":6,"l":2}},"ao":0,"shapes":[{"ty":"gr","it":[{"ind":0,"ty":"sh","ix":1,"ks":{"a":0,"k":{"i":[[1.9,0],[1.31,1.03],[21.02,8.64],[24.68,0],[20.87,-8.64],[19.41,-17.13],[1.31,0],[8.18,8.2],[0,2.05],[-1.03,1.17],[-28.03,11.13],[-29.2,0],[-28.03,-11.13],[-20.29,-20.21],[0,-1.47],[8.17,-8.2]],"o":[[-1.16,0],[-19.42,-17.13],[-20.87,-8.64],[-24.81,0],[-20.88,8.64],[-1.17,1.03],[-1.9,0],[-8.17,-8.2],[0,-1.47],[20.29,-20.21],[28.03,-11.13],[29.2,0],[28.03,11.13],[1.03,1.02],[0,1.9],[-8.18,8.2]],"v":[[132.55,47.522],[128.91,46.052],[68.32,7.392],[-0.15,-5.638],[-68.61,7.392],[-129.05,46.052],[-132.7,47.522],[-147.74,35.222],[-160,19.992],[-158.39,16.182],[-85.84,-30.828],[0,-47.518],[85.84,-30.828],[158.39,16.182],[160,19.992],[147.74,35.222]],"c":true},"ix":2},"nm":"Path 1","mn":"ADBE Vector Shape - Group","hd":false},{"ty":"fl","c":{"a":0,"k":[0.670588254929,0.772549033165,0.937254905701,0.501960813999],"ix":4},"o":{"a":0,"k":100,"ix":5},"r":1,"bm":0,"nm":"Fill 1","mn":"ADBE Vector Graphic - Fill","hd":false},{"ty":"tr","p":{"a":0,"k":[0,0],"ix":2},"a":{"a":0,"k":[0,0],"ix":1},"s":{"a":0,"k":[100,100],"ix":3},"r":{"a":0,"k":0,"ix":6},"o":{"a":0,"k":100,"ix":7},"sk":{"a":0,"k":0,"ix":4},"sa":{"a":0,"k":0,"ix":5},"nm":"Transform"}],"nm":"Path","np":2,"cix":2,"bm":0,"ix":1,"mn":"ADBE Vector Group","hd":false}],"ip":20,"op":30,"st":0,"ct":1,"bm":0},{"ddd":0,"ind":2,"ty":4,"nm":"Path","sr":1,"ks":{"o":{"a":1,"k":[{"i":{"x":[0.833],"y":[0.833]},"o":{"x":[0.167],"y":[0.167]},"t":15,"s":[0]},{"t":20,"s":[100]}],"ix":11},"r":{"a":0,"k":0,"ix":10},"p":{"a":0,"k":[159.354,102.114,0],"ix":2,"l":2},"a":{"a":0,"k":[0,0,0],"ix":1,"l":2},"s":{"a":0,"k":[100,100,100],"ix":6,"l":2}},"ao":0,"shapes":[{"ty":"gr","it":[{"ind":0,"ty":"sh","ix":1,"ks":{"a":0,"k":{"i":[[0,0],[1.31,0.88],[12.55,5.28],[16.49,0],[9.2,-2.49],[6.86,-3.37],[5.54,-3.37],[3.06,-2.34],[0.29,0],[8.18,8.2],[0,2.05],[-1.03,1.18],[-20.44,8.06],[-20.88,0],[-20.44,-7.91],[-14.31,-14.35],[0,-1.32],[8.17,-8.21],[1.9,0]],"o":[[-1.16,0],[-14.75,-11.42],[-12.56,-5.27],[-9.2,0],[-9.2,2.49],[-6.87,3.37],[-5.55,3.36],[-3.21,2.35],[-1.9,0],[-8.17,-8.21],[0,-1.32],[14.3,-14.35],[20.44,-7.91],[20.88,0],[20.44,7.91],[1.02,1.03],[0,1.9],[-8.18,8.2],[0,0]],"v":[[88.61,38.147],[84.82,36.827],[43.8,11.637],[0.15,3.587],[-27.59,7.247],[-51.82,15.887],[-70.36,25.997],[-83.21,34.627],[-88.32,38.297],[-103.36,25.997],[-115.62,10.767],[-114.01,7.097],[-61.9,-26.433],[0,-38.293],[61.9,-26.433],[114.02,7.097],[115.62,10.767],[103.36,25.997],[88.61,38.147]],"c":true},"ix":2},"nm":"Path 1","mn":"ADBE Vector Shape - Group","hd":false},{"ty":"fl","c":{"a":0,"k":[0.54509806633,0.678431391716,0.898039221764,0.501960813999],"ix":4},"o":{"a":0,"k":100,"ix":5},"r":1,"bm":0,"nm":"Fill 1","mn":"ADBE Vector Graphic - Fill","hd":false},{"ty":"tr","p":{"a":0,"k":[0,0],"ix":2},"a":{"a":0,"k":[0,0],"ix":1},"s":{"a":0,"k":[100,100],"ix":3},"r":{"a":0,"k":0,"ix":6},"o":{"a":0,"k":100,"ix":7},"sk":{"a":0,"k":0,"ix":4},"sa":{"a":0,"k":0,"ix":5},"nm":"Transform"}],"nm":"Path","np":2,"cix":2,"bm":0,"ix":1,"mn":"ADBE Vector Group","hd":false}],"ip":15,"op":30,"st":0,"ct":1,"bm":0},{"ddd":0,"ind":3,"ty":4,"nm":"Path","sr":1,"ks":{"o":{"a":1,"k":[{"i":{"x":[0.833],"y":[0.833]},"o":{"x":[0.167],"y":[0.167]},"t":10,"s":[0]},{"t":15,"s":[100]}],"ix":11},"r":{"a":0,"k":0,"ix":10},"p":{"a":0,"k":[159.646,155.636,0],"ix":2,"l":2},"a":{"a":0,"k":[0,0,0],"ix":1,"l":2},"s":{"a":0,"k":[100,100,100],"ix":6,"l":2}},"ao":0,"shapes":[{"ty":"gr","it":[{"ind":0,"ty":"sh","ix":1,"ks":{"a":0,"k":{"i":[[0,0],[4.23,2.78],[6.86,2.78],[7,0],[6.86,-2.78],[4.09,-2.78],[0.29,0],[8.18,8.2],[0,2.05],[-1.03,1.18],[-12.85,4.83],[-12.55,0],[-12.85,-4.84],[-8.47,-8.34],[0,-1.46],[8.18,-8.2],[2.04,0]],"o":[[-0.15,0],[-4.09,-2.78],[-6.86,-2.78],[-7.01,0],[-6.86,2.78],[-4.08,2.78],[-1.9,0],[-8.17,-8.2],[0,-1.46],[8.46,-8.34],[12.84,-4.84],[12.56,0],[12.85,4.83],[1.02,1.03],[0,1.91],[-8.46,8.2],[0,0]],"v":[[43.797,29.139],[37.227,25.039],[20.727,16.839],[-0.143,12.739],[-21.023,16.839],[-37.523,25.039],[-44.083,29.139],[-59.273,16.839],[-71.533,1.609],[-69.923,-2.201],[-37.953,-21.961],[-0.003,-29.141],[37.957,-21.961],[69.927,-2.201],[71.537,1.609],[59.267,16.839],[43.797,29.139]],"c":true},"ix":2},"nm":"Path 1","mn":"ADBE Vector Shape - Group","hd":false},{"ty":"fl","c":{"a":0,"k":[0.396078437567,0.564705908298,0.847058832645,0.501960813999],"ix":4},"o":{"a":0,"k":100,"ix":5},"r":1,"bm":0,"nm":"Fill 1","mn":"ADBE Vector Graphic - Fill","hd":false},{"ty":"tr","p":{"a":0,"k":[0,0],"ix":2},"a":{"a":0,"k":[0,0],"ix":1},"s":{"a":0,"k":[100,100],"ix":3},"r":{"a":0,"k":0,"ix":6},"o":{"a":0,"k":100,"ix":7},"sk":{"a":0,"k":0,"ix":4},"sa":{"a":0,"k":0,"ix":5},"nm":"Transform"}],"nm":"Path","np":2,"cix":2,"bm":0,"ix":1,"mn":"ADBE Vector Group","hd":false}],"ip":10,"op":30,"st":0,"ct":1,"bm":0},{"ddd":0,"ind":4,"ty":4,"nm":"Path","sr":1,"ks":{"o":{"a":1,"k":[{"i":{"x":[0.833],"y":[0.833]},"o":{"x":[0.167],"y":[0.167]},"t":5,"s":[0]},{"t":10,"s":[100]}],"ix":11},"r":{"a":0,"k":0,"ix":10},"p":{"a":0,"k":[159.646,209.158,0],"ix":2,"l":2},"a":{"a":0,"k":[0,0,0],"ix":1,"l":2},"s":{"a":0,"k":[100,100,100],"ix":6,"l":2}},"ao":0,"shapes":[{"ty":"gr","it":[{"ind":0,"ty":"sh","ix":1,"ks":{"a":0,"k":{"i":[[0,0],[8.03,8.05],[0,2.19],[-6.86,2.34],[-4.52,0],[-6.86,-2.49],[0,-3.52],[7.88,-7.91],[2.19,0]],"o":[[-2.19,0],[-7.88,-8.06],[0,-3.52],[6.86,-2.34],[4.53,0],[6.86,2.49],[0,2.19],[-8.32,8.05],[0,0]],"v":[[-0.143,19.838],[-15.333,7.838],[-27.153,-7.392],[-16.933,-16.182],[-0.003,-19.842],[16.937,-16.182],[27.157,-7.392],[15.327,7.838],[-0.143,19.838]],"c":true},"ix":2},"nm":"Path 1","mn":"ADBE Vector Shape - Group","hd":false},{"ty":"fl","c":{"a":0,"k":[0.262745112181,0.407843142748,0.654901981354,0.501960813999],"ix":4},"o":{"a":0,"k":100,"ix":5},"r":1,"bm":0,"nm":"Fill 1","mn":"ADBE Vector Graphic - Fill","hd":false},{"ty":"tr","p":{"a":0,"k":[0,0],"ix":2},"a":{"a":0,"k":[0,0],"ix":1},"s":{"a":0,"k":[100,100],"ix":3},"r":{"a":0,"k":0,"ix":6},"o":{"a":0,"k":100,"ix":7},"sk":{"a":0,"k":0,"ix":4},"sa":{"a":0,"k":0,"ix":5},"nm":"Transform"}],"nm":"Path","np":2,"cix":2,"bm":0,"ix":1,"mn":"ADBE Vector Group","hd":false}],"ip":5,"op":30,"st":0,"ct":1,"bm":0},{"ddd":0,"ind":5,"ty":4,"nm":"Path 5","sr":1,"ks":{"o":{"a":0,"k":100,"ix":11},"r":{"a":0,"k":0,"ix":10},"p":{"a":0,"k":[159.5,48.518,0],"ix":2,"l":2},"a":{"a":0,"k":[0,0,0],"ix":1,"l":2},"s":{"a":0,"k":[100,100,100],"ix":6,"l":2}},"ao":0,"shapes":[{"ty":"gr","it":[{"ind":0,"ty":"sh","ix":1,"ks":{"a":0,"k":{"i":[[1.9,0],[1.31,1.03],[21.02,8.64],[24.68,0],[20.87,-8.64],[19.41,-17.13],[1.31,0],[8.18,8.2],[0,2.05],[-1.03,1.17],[-28.03,11.13],[-29.2,0],[-28.03,-11.13],[-20.29,-20.21],[0,-1.47],[8.17,-8.2]],"o":[[-1.16,0],[-19.42,-17.13],[-20.87,-8.64],[-24.81,0],[-20.88,8.64],[-1.17,1.03],[-1.9,0],[-8.17,-8.2],[0,-1.47],[20.29,-20.21],[28.03,-11.13],[29.2,0],[28.03,11.13],[1.03,1.02],[0,1.9],[-8.18,8.2]],"v":[[132.55,47.522],[128.91,46.052],[68.32,7.392],[-0.15,-5.638],[-68.61,7.392],[-129.05,46.052],[-132.7,47.522],[-147.74,35.222],[-160,19.992],[-158.39,16.182],[-85.84,-30.828],[0,-47.518],[85.84,-30.828],[158.39,16.182],[160,19.992],[147.74,35.222]],"c":true},"ix":2},"nm":"Path 1","mn":"ADBE Vector Shape - Group","hd":false},{"ty":"fl","c":{"a":0,"k":[0.745098054409,0.745098054409,0.745098054409,1],"ix":4},"o":{"a":0,"k":50,"ix":5},"r":1,"bm":0,"nm":"Fill 1","mn":"ADBE Vector Graphic - Fill","hd":false},{"ty":"tr","p":{"a":0,"k":[0,0],"ix":2},"a":{"a":0,"k":[0,0],"ix":1},"s":{"a":0,"k":[100,100],"ix":3},"r":{"a":0,"k":0,"ix":6},"o":{"a":0,"k":100,"ix":7},"sk":{"a":0,"k":0,"ix":4},"sa":{"a":0,"k":0,"ix":5},"nm":"Transform"}],"nm":"Path","np":2,"cix":2,"bm":0,"ix":1,"mn":"ADBE Vector Group","hd":false}],"ip":0,"op":30,"st":0,"ct":1,"bm":0},{"ddd":0,"ind":6,"ty":4,"nm":"Path 4","sr":1,"ks":{"o":{"a":0,"k":100,"ix":11},"r":{"a":0,"k":0,"ix":10},"p":{"a":0,"k":[159.354,102.114,0],"ix":2,"l":2},"a":{"a":0,"k":[0,0,0],"ix":1,"l":2},"s":{"a":0,"k":[100,100,100],"ix":6,"l":2}},"ao":0,"shapes":[{"ty":"gr","it":[{"ind":0,"ty":"sh","ix":1,"ks":{"a":0,"k":{"i":[[0,0],[1.31,0.88],[12.55,5.28],[16.49,0],[9.2,-2.49],[6.86,-3.37],[5.54,-3.37],[3.06,-2.34],[0.29,0],[8.18,8.2],[0,2.05],[-1.03,1.18],[-20.44,8.06],[-20.88,0],[-20.44,-7.91],[-14.31,-14.35],[0,-1.32],[8.17,-8.21],[1.9,0]],"o":[[-1.16,0],[-14.75,-11.42],[-12.56,-5.27],[-9.2,0],[-9.2,2.49],[-6.87,3.37],[-5.55,3.36],[-3.21,2.35],[-1.9,0],[-8.17,-8.21],[0,-1.32],[14.3,-14.35],[20.44,-7.91],[20.88,0],[20.44,7.91],[1.02,1.03],[0,1.9],[-8.18,8.2],[0,0]],"v":[[88.61,38.147],[84.82,36.827],[43.8,11.637],[0.15,3.587],[-27.59,7.247],[-51.82,15.887],[-70.36,25.997],[-83.21,34.627],[-88.32,38.297],[-103.36,25.997],[-115.62,10.767],[-114.01,7.097],[-61.9,-26.433],[0,-38.293],[61.9,-26.433],[114.02,7.097],[115.62,10.767],[103.36,25.997],[88.61,38.147]],"c":true},"ix":2},"nm":"Path 1","mn":"ADBE Vector Shape - Group","hd":false},{"ty":"fl","c":{"a":0,"k":[0.745098054409,0.745098054409,0.745098054409,1],"ix":4},"o":{"a":0,"k":50,"ix":5},"r":1,"bm":0,"nm":"Fill 1","mn":"ADBE Vector Graphic - Fill","hd":false},{"ty":"tr","p":{"a":0,"k":[0,0],"ix":2},"a":{"a":0,"k":[0,0],"ix":1},"s":{"a":0,"k":[100,100],"ix":3},"r":{"a":0,"k":0,"ix":6},"o":{"a":0,"k":100,"ix":7},"sk":{"a":0,"k":0,"ix":4},"sa":{"a":0,"k":0,"ix":5},"nm":"Transform"}],"nm":"Path","np":2,"cix":2,"bm":0,"ix":1,"mn":"ADBE Vector Group","hd":false}],"ip":0,"op":30,"st":0,"ct":1,"bm":0},{"ddd":0,"ind":7,"ty":4,"nm":"Path 3","sr":1,"ks":{"o":{"a":0,"k":100,"ix":11},"r":{"a":0,"k":0,"ix":10},"p":{"a":0,"k":[159.646,155.636,0],"ix":2,"l":2},"a":{"a":0,"k":[0,0,0],"ix":1,"l":2},"s":{"a":0,"k":[100,100,100],"ix":6,"l":2}},"ao":0,"shapes":[{"ty":"gr","it":[{"ind":0,"ty":"sh","ix":1,"ks":{"a":0,"k":{"i":[[0,0],[4.23,2.78],[6.86,2.78],[7,0],[6.86,-2.78],[4.09,-2.78],[0.29,0],[8.18,8.2],[0,2.05],[-1.03,1.18],[-12.85,4.83],[-12.55,0],[-12.85,-4.84],[-8.47,-8.34],[0,-1.46],[8.18,-8.2],[2.04,0]],"o":[[-0.15,0],[-4.09,-2.78],[-6.86,-2.78],[-7.01,0],[-6.86,2.78],[-4.08,2.78],[-1.9,0],[-8.17,-8.2],[0,-1.46],[8.46,-8.34],[12.84,-4.84],[12.56,0],[12.85,4.83],[1.02,1.03],[0,1.91],[-8.46,8.2],[0,0]],"v":[[43.797,29.139],[37.227,25.039],[20.727,16.839],[-0.143,12.739],[-21.023,16.839],[-37.523,25.039],[-44.083,29.139],[-59.273,16.839],[-71.533,1.609],[-69.923,-2.201],[-37.953,-21.961],[-0.003,-29.141],[37.957,-21.961],[69.927,-2.201],[71.537,1.609],[59.267,16.839],[43.797,29.139]],"c":true},"ix":2},"nm":"Path 1","mn":"ADBE Vector Shape - Group","hd":false},{"ty":"fl","c":{"a":0,"k":[0.745098054409,0.745098054409,0.745098054409,1],"ix":4},"o":{"a":0,"k":50,"ix":5},"r":1,"bm":0,"nm":"Fill 1","mn":"ADBE Vector Graphic - Fill","hd":false},{"ty":"tr","p":{"a":0,"k":[0,0],"ix":2},"a":{"a":0,"k":[0,0],"ix":1},"s":{"a":0,"k":[100,100],"ix":3},"r":{"a":0,"k":0,"ix":6},"o":{"a":0,"k":100,"ix":7},"sk":{"a":0,"k":0,"ix":4},"sa":{"a":0,"k":0,"ix":5},"nm":"Transform"}],"nm":"Path","np":2,"cix":2,"bm":0,"ix":1,"mn":"ADBE Vector Group","hd":false}],"ip":0,"op":30,"st":0,"ct":1,"bm":0},{"ddd":0,"ind":8,"ty":4,"nm":"Path 2","sr":1,"ks":{"o":{"a":0,"k":100,"ix":11},"r":{"a":0,"k":0,"ix":10},"p":{"a":0,"k":[159.646,209.158,0],"ix":2,"l":2},"a":{"a":0,"k":[0,0,0],"ix":1,"l":2},"s":{"a":0,"k":[100,100,100],"ix":6,"l":2}},"ao":0,"shapes":[{"ty":"gr","it":[{"ind":0,"ty":"sh","ix":1,"ks":{"a":0,"k":{"i":[[0,0],[8.03,8.05],[0,2.19],[-6.86,2.34],[-4.52,0],[-6.86,-2.49],[0,-3.52],[7.88,-7.91],[2.19,0]],"o":[[-2.19,0],[-7.88,-8.06],[0,-3.52],[6.86,-2.34],[4.53,0],[6.86,2.49],[0,2.19],[-8.32,8.05],[0,0]],"v":[[-0.143,19.838],[-15.333,7.838],[-27.153,-7.392],[-16.933,-16.182],[-0.003,-19.842],[16.937,-16.182],[27.157,-7.392],[15.327,7.838],[-0.143,19.838]],"c":true},"ix":2},"nm":"Path 1","mn":"ADBE Vector Shape - Group","hd":false},{"ty":"fl","c":{"a":0,"k":[0.745098054409,0.745098054409,0.745098054409,1],"ix":4},"o":{"a":0,"k":50,"ix":5},"r":1,"bm":0,"nm":"Fill 1","mn":"ADBE Vector Graphic - Fill","hd":false},{"ty":"tr","p":{"a":0,"k":[0,0],"ix":2},"a":{"a":0,"k":[0,0],"ix":1},"s":{"a":0,"k":[100,100],"ix":3},"r":{"a":0,"k":0,"ix":6},"o":{"a":0,"k":100,"ix":7},"sk":{"a":0,"k":0,"ix":4},"sa":{"a":0,"k":0,"ix":5},"nm":"Transform"}],"nm":"Path","np":2,"cix":2,"bm":0,"ix":1,"mn":"ADBE Vector Group","hd":false}],"ip":0,"op":30,"st":0,"ct":1,"bm":0}],"markers":[]}
